{"hi": 32.89275, "sup": 10.491875, "hey": 42.181000000000004, "hola": 9.4744, "good day": 25.77975, "hi there": 40.51875, "greetings": 6.873225, "hello": 49.431999999999995, "hello to you too": 12.029225}