{
    "I am good how are you": 47.9455,
    "I am ok how are you": 39.9985,
    "I am doing alright ": 16.391275,
    "I am good": 13.421425000000001,
    "I am fine how are you": 38.984249999999996,
    "I am ok ": 13.421425000000001,
    "I am fine": 21.575375,
    "I am doing alright how are you": 35.549
}