{
    "hi": 32.89275,
    "sup": 12.765525,
    "hey": 38.33325,
    "hola": 5.94505,
    "good day": 18.1432,
    "hi there": 40.51875,
    "greetings": 6.873225,
    "hello": 47.4735,
    "hello to you too": 12.029225
}